{
    "x_max" : -43.2275000,
    "x_min" : -43.2305000,
    "y_max" : -22.8625000,
    "y_min" : -22.8645000,
    "map_name" : "data/gremio_map.png"
}