{
    "x_max" : -43.2282000,
    "x_min" : -43.2302500,
    "y_max" : -22.8627400,
    "y_min" : -22.8641500,
    "map_name" : "data/map.png"
}